{
  "dt": {
    "fold_auprc": [
      0.8315166119169854,
      0.8133797519160925,
      0.872174170253478,
      0.8747130633618023,
      0.8380757649766235
    ],
    "fold_f1": [
      0.8186046511128005,
      0.8547717841828205,
      0.8260869564718751,
      0.859649122757079,
      0.830508474526501
    ],
    "fold_precision": [
      0.8301886792452831,
      0.7803030303030303,
      0.7851239669421488,
      0.8305084745762712,
      0.7777777777777778
    ],
    "fold_recall": [
      0.8073394495412844,
      0.944954128440367,
      0.8715596330275229,
      0.8909090909090909,
      0.8909090909090909
    ],
    "fold_threshold": [
      0.7708605806957886,
      0.490104772991851,
      0.4901047729918509,
      0.7431677931237141,
      0.4355463704469129
    ],
    "mean_auprc": 0.8459718724849964,
    "mean_f1": 0.8379241978102152,
    "mean_precision": 0.8007803857689023,
    "mean_recall": 0.8811342785654711,
    "mean_threshold": 0.5859568580500234
  },
  "rf": {
    "fold_auprc": [
      0.9539982788776096,
      0.9770139701307892,
      0.9645192947490815,
      0.9614197645705491,
      0.9800254330083582
    ],
    "fold_f1": [
      0.9315068492650694,
      0.9389671361002624,
      0.9126213591734706,
      0.9099526065851621,
      0.9411764705382363
    ],
    "fold_precision": [
      0.9272727272727272,
      0.9615384615384616,
      0.9690721649484536,
      0.9504950495049505,
      0.9369369369369369
    ],
    "fold_recall": [
      0.9357798165137615,
      0.9174311926605505,
      0.8623853211009175,
      0.8727272727272727,
      0.9454545454545454
    ],
    "fold_threshold": [
      0.5941716860620884,
      0.6482810860347752,
      0.5819526901669758,
      0.6898510107989118,
      0.5131525481247565
    ],
    "mean_auprc": 0.9673953482672776,
    "mean_f1": 0.9268448843324402,
    "mean_precision": 0.9490630680403059,
    "mean_recall": 0.9067556296914094,
    "mean_threshold": 0.6054818042375015
  },
  "mlp": {
    "fold_auprc": [
      0.8801979574280575,
      0.9511788697471779,
      0.9224091947326774,
      0.9623568710359791,
      0.9338899192282665
    ],
    "fold_f1": [
      0.8879310344329407,
      0.9037656903269551,
      0.8720379146419981,
      0.9074074073574245,
      0.9032258064016224
    ],
    "fold_precision": [
      0.8373983739837398,
      0.8307692307692308,
      0.9019607843137255,
      0.9245283018867925,
      0.9158878504672897
    ],
    "fold_recall": [
      0.944954128440367,
      0.9908256880733946,
      0.8440366972477065,
      0.8909090909090909,
      0.8909090909090909
    ],
    "fold_threshold": [
      0.41053465008735657,
      0.5181636214256287,
      0.6238369941711426,
      0.7536481022834778,
      0.7250477075576782
    ],
    "mean_auprc": 0.9300065624344317,
    "mean_f1": 0.8948735706321882,
    "mean_precision": 0.8821089082841557,
    "mean_recall": 0.9123269391159299,
    "mean_threshold": 0.6062462151050567
  }
}