{
  "dt_threshold": 0.6455405060056221,
  "rf_threshold": 0.58009051018163,
  "mlp_threshold": 0.6748009324073792
}