{
  "dt_threshold": 0.5621351125938283,
  "rf_threshold": 0.5726221653794882,
  "mlp_threshold": 0.5729459524154663,
  "dt_cv_f1": 0.7524324323825726,
  "rf_cv_f1": 0.8711943793411339,
  "mlp_cv_f1": 0.8636363635863646,
  "dt_cv_auprc": 0.7674074627645736,
  "rf_cv_auprc": 0.9256768453127148,
  "mlp_cv_auprc": 0.8774196770083134,
  "tuned_on": "cv_oof_probs"
}