{
    "rf_threshold": 0.34,
    "mlp_threshold": 0.40725529193878174,
    "rf_best_f1": 0.7090909090432893,
    "mlp_best_f1": 0.7640449437702815,
    "tuned_on": "validation"
}