{
    "rf_threshold": 0.4056240968018385,
    "dt_threshold": 0.2426512968299712,
    "mlp_threshold": 0.6722572445869446,
    "rf_best_f1": 0.8421052631085839,
    "dt_best_f1": 0.7969924811546357,
    "mlp_best_f1": 0.8767123287171243,
    "tuned_on": "validation"
}